{
  "version": 1,
  "author": "michele",
  "editor": "wokwi",
  "parts": [
    { "type": "board-esp32-devkit-c-v4", "id": "esp", "top": 0, "left": 43.24, "attrs": {} },
    {
      "type": "board-ds18b20",
      "id": "temp1",
      "top": -29.93,
      "left": -34.32,
      "attrs": { "temperature": "36.5" }
    },
    { "type": "wokwi-potentiometer", "id": "pot1", "top": -97.3, "left": 57.4, "attrs": {} },
    {
      "type": "wokwi-buzzer",
      "id": "bz1",
      "top": 12,
      "left": 289.8,
      "attrs": { "volume": "0.1" }
    },
    {
      "type": "wokwi-resistor",
      "id": "r1",
      "top": 32.75,
      "left": -96,
      "attrs": { "value": "4700" }
    }
  ],
  "connections": [
    [ "esp:TX", "$serialMonitor:RX", "", [] ],
    [ "esp:RX", "$serialMonitor:TX", "", [] ],
    [ "temp1:VCC", "esp:3V3", "red", [ "h28.8", "v9.6" ] ],
    [ "temp1:GND", "esp:GND.1", "black", [ "v67.2", "h48", "v67.2" ] ],
    [ "r1:2", "temp1:DQ", "green", [] ],
    [ "esp:3V3", "r1:1", "green", [] ],
    [ "esp:3V3", "pot1:VCC", "red", [] ],
    [ "pot1:SIG", "esp:34", "green", [] ],
    [ "pot1:GND", "esp:GND.3", "black", [] ],
    [ "bz1:2", "esp:13", "green", [] ],
    [ "bz1:1", "esp:GND.2", "black", [] ],
    [ "temp1:DQ", "esp:4", "green", [ "v201.6", "h192", "v-76.8" ] ]
  ],
  "dependencies": {}
}